{
	"class_name" : "PinholeCameraParameters",
	"extrinsic" : 
	[
		-0.91802035671204751,
		0.39649984333583072,
		0.0051477079313895606,
		0.0,
		-0.21513208195377989,
		-0.50891883320622078,
		0.83349853540498264,
		0.0,
		0.33310180422284913,
		0.76406118566688153,
		0.55249768558863854,
		0.0,
		-0.31224419167997636,
		-0.96831422846875426,
		0.9488874385960735,
		1.0
	],
	"intrinsic" : 
	{
		"height" : 1055,
		"intrinsic_matrix" : 
		[
			913.65680099258282,
			0.0,
			0.0,
			0.0,
			913.65680099258282,
			0.0,
			959.5,
			527.0,
			1.0
		],
		"width" : 1920
	},
	"version_major" : 1,
	"version_minor" : 0
}