{
	"class_name" : "PinholeCameraParameters",
	"extrinsic" : 
	[
		0.7666299750572283,
		-0.6252654636027043,
		-0.14601911302788004,
		0.0,
		-0.39263257228609982,
		-0.27656513021249646,
		-0.8771267821304658,
		0.0,
		0.50805328905908498,
		0.72976354305777713,
		-0.45752270621249574,
		0.0,
		-0.70387953302495854,
		-0.78657460687121772,
		1.7565383874274176,
		1.0
	],
	"intrinsic" : 
	{
		"height" : 1001,
		"intrinsic_matrix" : 
		[
			866.89142918822313,
			0.0,
			0.0,
			0.0,
			866.89142918822313,
			0.0,
			959.5,
			500.0,
			1.0
		],
		"width" : 1920
	},
	"version_major" : 1,
	"version_minor" : 0
}